student_id,placed
STU100015,0.39828
STU101530,0.247495
STU100235,0.436369
STU100564,0.363816
STU105655,0.09238
STU107132,0.48903
STU103449,0.392513
STU107841,0.403729
STU106072,0.107651
STU103979,0.252674
STU107022,0.216859
STU104157,0.467044
STU109717,0.339739
STU103008,0.420243
STU109929,0.249536
STU100945,0.152257
STU105493,0.299563
STU102619,0.078718
STU101804,0.422434
STU103851,0.334249
STU106859,0.391139
STU104738,0.209537
STU108169,0.486814
STU102175,0.451905
STU109102,0.400273
STU101405,0.137587
STU100603,0.260024
STU104629,0.069712
STU106431,0.11943
STU108919,0.357372
STU102442,0.385143
STU109128,0.485379
STU106432,0.196621
STU102036,0.216707
STU109646,0.2613
STU104229,0.135262
STU102720,0.108465
STU101372,0.264067
STU104760,0.152109
STU100310,0.351416
STU101026,0.246718
STU105993,0.424705
STU102062,0.365119
STU108236,0.190565
STU109040,0.424517
STU108093,0.412144
STU103734,0.224365
STU100843,0.179748
STU104224,0.357123
STU101765,0.112889
STU107180,0.139959
STU108481,0.053313
STU106824,0.404116
STU108254,0.349183
STU109683,0.367324
STU109008,0.401328
STU100964,0.256512
STU106363,0.305934
STU109471,0.112909
STU101020,0.101539
STU101644,0.350781
STU101899,0.261993
STU106612,0.304356
STU101794,0.394249
STU105887,0.335623
STU107626,0.299111
STU109293,0.301643
STU108555,0.186778
STU105175,0.063868
STU100188,0.246523
STU102689,0.146563
STU104323,0.233838
STU106597,0.434031
STU108582,0.155273
STU108952,0.076236
STU109299,0.176623
STU100095,0.182117
STU104051,0.347862
STU109082,0.300664
STU108145,0.402754
STU106397,0.348941
STU108024,0.232874
STU107847,0.416309
STU109909,0.125138
STU104362,0.06022
STU100465,0.090522
STU102788,0.375062
STU108300,0.257845
STU103751,0.122572
STU107634,0.27547
STU101996,0.11854
STU109059,0.363344
STU107003,0.25077
STU102417,0.22146
STU105331,0.18568
STU103090,0.333627
STU104495,0.212816
STU108220,0.089442
STU108767,0.103103
STU105044,0.482854
STU100156,0.458861
STU106316,0.364868
STU104844,0.169641
STU100134,0.486129
STU107630,0.400438
STU104856,0.372601
STU104333,0.252213
STU107713,0.172509
STU108631,0.093376
STU107744,0.456171
STU108217,0.255099
STU109861,0.141064
STU101492,0.18768
STU106215,0.310649
STU109973,0.129548
STU103063,0.435476
STU109545,0.391334
STU104586,0.373758
STU104614,0.244442
STU103014,0.332289
STU109151,0.312844
STU102670,0.342431
STU108320,0.088
STU104074,0.237113
STU101085,0.068726
STU100746,0.272296
STU107229,0.198438
STU105900,0.115036
STU105252,0.096531
STU103268,0.31444
STU104996,0.126767
STU107575,0.466304
STU100212,0.311478
STU105300,0.206091
STU103925,0.315912
STU100306,0.060262
STU107026,0.481352
STU107113,0.267037
STU103373,0.402231
STU105723,0.087228
STU102818,0.268996
STU105027,0.270818
STU104066,0.472022
STU104249,0.307278
STU106893,0.26307
STU106258,0.170139
STU106111,0.199206
STU104472,0.284303
STU108654,0.24751
STU104603,0.059725
STU104908,0.421831
STU103434,0.453272
STU104690,0.113112
STU100283,0.299316
STU105236,0.098859
STU108061,0.352508
STU103026,0.176555
STU105818,0.34674
STU106540,0.377148
STU107633,0.395891
STU101188,0.098483
STU106143,0.462205
STU107278,0.153596
STU105835,0.066836
STU105204,0.299684
STU101348,0.216915
STU106754,0.423405
STU109885,0.413713
STU102369,0.192713
STU107397,0.478805
STU100220,0.180913
STU103944,0.281776
STU106100,0.165184
STU101541,0.47122
STU101004,0.124074
STU107277,0.07021
STU104222,0.245794
STU107021,0.496569
STU107938,0.451255
STU101113,0.386874
STU102326,0.450857
STU101680,0.452051
STU106994,0.283486
STU105779,0.192168
STU108358,0.397406
STU101932,0.347748
STU107823,0.218146
STU104753,0.09251
STU104835,0.386055
STU100477,0.168107
STU103275,0.471566
STU107048,0.158437
STU102022,0.105241
STU107273,0.424001
STU107616,0.118978
STU100208,0.130671
STU109312,0.319722
STU108473,0.443553
STU100274,0.138396
STU108187,0.189646
STU103699,0.399832
STU105292,0.487322
STU105250,0.275334
STU103671,0.114754
STU102429,0.056271
STU107980,0.153345
STU103330,0.10932
STU106567,0.354946
STU100508,0.104825
STU108570,0.277848
STU108618,0.362418
STU105052,0.311502
STU100566,0.139899
STU106705,0.411856
STU104646,0.371933
STU105827,0.382543
STU102473,0.108976
STU105830,0.105689
STU109291,0.467403
STU103571,0.22891
STU109668,0.185427
STU108497,0.269863
STU106469,0.348289
STU106795,0.48003
STU102626,0.178901
STU109739,0.466164
STU102759,0.061187
STU106706,0.299839
STU103220,0.335289
STU100653,0.097654
STU103616,0.113153
STU100770,0.238601
STU105017,0.484804
STU107422,0.318219
STU105986,0.46986
STU104451,0.411962
STU101578,0.260322
STU104967,0.403144
STU102237,0.058027
STU102683,0.099115
STU102185,0.423243
STU101480,0.408568
STU105901,0.154688
STU102214,0.288846
STU102355,0.322707
STU104862,0.440483
STU100146,0.321398
STU105526,0.235657
STU107069,0.218383
STU105554,0.241647
STU109011,0.343369
STU107190,0.440371
STU108591,0.254254
STU105700,0.161528
STU109658,0.156498
STU102313,0.385706
STU109000,0.417456
STU104923,0.097375
STU109756,0.079951
STU103555,0.317495
STU109366,0.115778
STU109932,0.421099
STU106751,0.189651
STU104007,0.114742
STU104933,0.464437
STU109531,0.124489
STU108308,0.178124
STU106806,0.119126
STU101838,0.101971
STU106652,0.059517
STU107112,0.074928
STU106603,0.128589
STU109924,0.074022
STU106057,0.316015
STU105790,0.356322
STU107249,0.227134
STU107103,0.193096
STU101341,0.277037
STU109615,0.443752
STU101806,0.433009
STU103531,0.069564
STU108913,0.131674
STU106867,0.156535
STU100007,0.162224
STU105540,0.307055
STU100106,0.237318
STU108968,0.072164
STU103053,0.218126
STU103611,0.285689
STU103701,0.095752
STU105610,0.425056
STU107755,0.073383
STU108956,0.466179
STU100120,0.094601
STU109642,0.429609
STU104913,0.456194
STU100201,0.490807
STU108524,0.410912
STU107255,0.400765
STU104984,0.339117
STU103714,0.400548
STU106571,0.110548
STU105446,0.291231
STU106653,0.2814
STU106204,0.435907
STU102510,0.25826
STU107488,0.22329
STU107657,0.337803
STU109863,0.169908
STU101245,0.112896
STU108396,0.265045
STU103513,0.2376
STU100070,0.154656
STU101905,0.21538
STU108088,0.214877
STU106060,0.197373
STU107024,0.220759
STU109850,0.358585
STU103470,0.183594
STU102191,0.476986
STU104807,0.462357
STU106845,0.26641
STU108897,0.197763
STU100433,0.290946
STU101559,0.431852
STU102960,0.343664
STU106839,0.411976
STU106640,0.289725
STU105451,0.334813
STU101459,0.17967
STU104897,0.380702
STU103244,0.141082
STU102880,0.362659
STU108867,0.437324
STU100186,0.109446
STU104534,0.326471
STU107115,0.092793
STU100291,0.376572
STU106033,0.088022
STU100199,0.471173
STU106925,0.111834
STU102905,0.481496
STU108017,0.410398
STU104938,0.317157
STU100575,0.402181
STU108995,0.407802
STU108297,0.475712
STU107373,0.164023
STU109095,0.315534
STU103578,0.092772
STU101443,0.327275
STU103125,0.127081
STU109426,0.304228
STU108998,0.307594
STU100280,0.259693
STU108772,0.285184
STU100303,0.393766
STU109063,0.40966
STU101377,0.271469
STU100195,0.319817
STU102653,0.469056
STU101597,0.10388
STU107935,0.102697
STU104613,0.089469
STU100547,0.346038
STU103706,0.238374
STU108789,0.398445
STU102296,0.352054
STU107339,0.200137
STU103356,0.454265
STU103622,0.393139
STU102601,0.171741
STU103427,0.213886
STU109663,0.191498
STU106035,0.120925
STU101739,0.116503
STU101228,0.471257
STU105140,0.247057
STU106358,0.222494
STU105343,0.378359
STU108421,0.298847
STU109205,0.471263
STU105371,0.401136
STU106450,0.265716
STU107186,0.219362
STU107347,0.493984
STU101903,0.372992
STU105712,0.478038
STU104358,0.103315
STU109081,0.43274
STU107071,0.336683
STU107167,0.104865
STU103117,0.314716
STU100089,0.358743
STU108898,0.055536
STU102882,0.254443
STU106202,0.42143
STU109741,0.182912
STU108422,0.256347
STU101414,0.249041
STU101926,0.185867
STU109939,0.463299
STU103065,0.401582
STU101919,0.099765
STU102373,0.498666
STU103327,0.44564
STU102735,0.177759
STU102402,0.426603
STU109555,0.097889
STU105315,0.499597
STU106356,0.349558
STU103137,0.342556
STU107750,0.090698
STU102047,0.453665
STU100424,0.06305
STU109719,0.158373
STU106156,0.11436
STU103433,0.399546
STU106816,0.139192
STU102916,0.459787
STU101563,0.345321
STU105736,0.066273
STU108669,0.052443
STU106995,0.073246
STU105794,0.322666
STU103375,0.410667
STU105718,0.157349
STU109982,0.432234
STU102943,0.075754
STU101500,0.410434
STU108910,0.467508
STU100073,0.397449
STU108238,0.364154
STU100735,0.427091
STU107233,0.068068
STU103156,0.140802
STU106212,0.106216
STU100784,0.277039
STU105654,0.385335
STU101647,0.333505
STU104686,0.433009
STU105869,0.119846
STU100809,0.380579
STU102911,0.136869
STU100002,0.171841
STU109329,0.369457
STU104085,0.491092
STU108638,0.325195
STU104751,0.074525
STU106336,0.327339
STU108860,0.069058
STU104958,0.447866
STU103904,0.36931
STU107608,0.127908
STU100872,0.091274
STU109233,0.13259
STU103235,0.491012
STU108212,0.256352
STU100880,0.402836
STU106296,0.336384
STU106624,0.307586
STU108304,0.115309
STU102334,0.475711
STU102817,0.185604
STU100957,0.310108
STU105675,0.364899
STU101847,0.342155
STU100389,0.473267
STU103930,0.116798
STU103872,0.278759
STU108574,0.231815
STU106852,0.263376
STU105749,0.103648
STU108969,0.110343
STU102272,0.175134
STU107796,0.187117
STU108482,0.242556
STU105000,0.324944
STU100338,0.335583
STU101719,0.235315
STU109693,0.233952
STU103186,0.147933
STU102319,0.314738
STU101433,0.192668
STU102338,0.066227
STU106050,0.23828
STU104302,0.26336
STU108873,0.151517
STU106023,0.307606
STU103526,0.304597
STU106101,0.365901
STU106729,0.341577
STU102250,0.343595
STU101112,0.192296
STU100519,0.404344
STU100304,0.297115
STU102165,0.244138
STU104649,0.331706
STU100327,0.212296
STU103820,0.280733
STU103440,0.381518
STU102317,0.448881
STU109637,0.464476
STU108655,0.276635
STU107244,0.284124
STU101545,0.409942
STU109234,0.191503
STU107529,0.426822
STU106091,0.272364
STU101896,0.102136
STU102166,0.082427
STU107279,0.428897
STU105317,0.075006
STU107771,0.176275
STU108125,0.200359
STU109750,0.127848
STU106562,0.191252
STU109244,0.384212
STU106881,0.056607
STU104206,0.422228
STU105220,0.435447
STU104685,0.217518
STU103202,0.119126
STU109368,0.320378
STU100580,0.103853
STU105792,0.214214
STU101158,0.481293
STU106732,0.497959
STU105962,0.397447
STU109784,0.189933
STU108715,0.359449
STU106391,0.367433
STU104198,0.224529
STU107014,0.3384
STU105968,0.054827
STU102002,0.144076
STU109884,0.28629
STU101390,0.123688
STU100159,0.124658
STU108489,0.426337
STU100325,0.49511
STU103062,0.300186
STU105464,0.427581
STU102434,0.495645
STU107641,0.113718
STU103830,0.251711
STU105110,0.226658
STU107100,0.086022
STU105798,0.389899
STU100038,0.245201
STU106307,0.261197
STU105617,0.117803
STU103205,0.131417
STU107004,0.458197
STU100882,0.070092
STU102230,0.154784
STU107770,0.181427
STU103787,0.270589
STU100411,0.3139
STU105185,0.27198
STU100702,0.087852
STU106218,0.15965
STU102700,0.429615
STU105291,0.336915
STU105966,0.342117
STU100985,0.351591
STU108177,0.393306
STU104109,0.076149
STU106309,0.214974
STU106070,0.292787
STU102256,0.202305
STU105114,0.430015
STU105391,0.267158
STU109086,0.395882
STU106924,0.433407
STU100018,0.277156
STU103874,0.459299
STU100448,0.314206
STU107128,0.432623
STU102844,0.203266
STU107431,0.274468
STU100890,0.289135
STU106353,0.097241
STU102032,0.229349
STU103768,0.462802
STU105170,0.333875
STU105327,0.129878
STU103902,0.202485
STU101411,0.136221
STU109721,0.06117
STU105639,0.467357
STU107028,0.251693
STU104542,0.188391
STU103025,0.319315
STU109566,0.053292
STU103974,0.17511
STU100257,0.366365
STU109349,0.335196
STU103023,0.491813
STU102994,0.329161
STU107844,0.264878
STU105127,0.392645
STU107632,0.456498
STU101882,0.374313
STU102576,0.483445
STU108355,0.401902
STU100307,0.440061
STU106046,0.101347
STU103933,0.379586
STU109463,0.24804
STU106331,0.298897
STU107598,0.344346
STU106452,0.486417
STU108979,0.49306
STU109876,0.179703
STU101134,0.380189
STU101370,0.387493
STU108040,0.205922
STU102868,0.105741
STU101888,0.068426
STU103199,0.399804
STU101594,0.270365
STU108412,0.493493
STU101583,0.259238
STU108160,0.490063
STU108540,0.235209
STU109353,0.407157
STU103817,0.088169
STU107950,0.299958
STU109441,0.410927
STU107010,0.466116
STU107534,0.420162
STU104253,0.066637
STU106434,0.217716
STU107969,0.071914
STU108642,0.099177
STU109310,0.353888
STU102596,0.370966
STU106507,0.398174
STU103911,0.439455
STU107562,0.382744
STU107627,0.410392
STU104353,0.072034
STU105235,0.155541
STU106151,0.329854
STU109618,0.436156
STU103298,0.052025
STU102263,0.281583
STU104808,0.354779
STU108588,0.063323
STU104956,0.23061
STU107392,0.453036
STU103861,0.352226
STU103300,0.156946
STU100496,0.433752
STU104695,0.206614
STU109165,0.434005
STU101293,0.184525
STU106210,0.315644
STU109675,0.228623
STU105638,0.173671
STU100618,0.448951
STU102746,0.134417
STU108768,0.088165
STU105546,0.203867
STU106553,0.372938
STU107403,0.413344
STU105651,0.499435
STU102888,0.183363
STU100752,0.233574
STU106781,0.11157
STU100608,0.308692
STU102677,0.498911
STU103164,0.365396
STU109216,0.317846
STU108468,0.226566
STU102823,0.461884
STU101394,0.273612
STU106882,0.110465
STU100827,0.21442
STU101219,0.080225
STU107617,0.140891
STU101784,0.057951
STU102532,0.253976
STU105738,0.335543
STU108029,0.204482
STU108031,0.239172
STU108280,0.481644
STU100259,0.388383
STU105696,0.293385
STU102673,0.178043
STU102666,0.453649
STU107313,0.155794
STU108535,0.196404
STU102282,0.459079
STU108762,0.288294
STU100165,0.384043
STU107647,0.315835
STU100588,0.344048
STU105011,0.184722
STU103456,0.158617
STU105938,0.195122
STU107782,0.119949
STU107829,0.443441
STU108677,0.177461
STU105607,0.30267
STU106012,0.406388
STU103289,0.402721
STU104795,0.247274
STU108976,0.264316
STU101574,0.497616
STU108098,0.353569
STU100079,0.416587
STU101887,0.456149
STU109816,0.404415
STU104644,0.133331
STU103843,0.302977
STU106207,0.095852
STU101829,0.343815
STU107061,0.479907
STU108291,0.280729
STU106696,0.244838
STU102090,0.066129
STU109650,0.481899
STU102383,0.096351
STU102038,0.068486
STU101535,0.16073
STU106831,0.079489
STU106812,0.254803
STU109194,0.28224
STU108568,0.190656
STU108317,0.072932
STU108552,0.10022
STU106709,0.223027
STU106352,0.077238
STU107256,0.364185
STU102103,0.143159
STU100921,0.185932
STU102270,0.227357
STU100243,0.237474
STU106129,0.050747
STU102742,0.100432
STU109050,0.438244
STU102279,0.050555
STU101299,0.278675
STU107207,0.270276
STU105107,0.199892
STU106176,0.244097
STU109363,0.401262
STU102322,0.428542
STU103145,0.167157
STU108685,0.195121
STU102811,0.159117
STU102111,0.265939
STU105469,0.357466
STU107034,0.152714
STU107535,0.198831
STU101344,0.468673
STU100840,0.071856
STU101873,0.257346
STU105895,0.370201
STU106293,0.117704
STU101509,0.071318
STU109175,0.112192
STU104742,0.46347
STU104227,0.054167
STU108892,0.134745
STU100671,0.064078
STU101373,0.099783
STU103562,0.329067
STU108430,0.158738
STU108409,0.306145
STU103603,0.315588
STU102374,0.432246
STU108433,0.052134
STU102235,0.434016
STU106269,0.328604
STU108702,0.123235
STU100935,0.397822
STU108008,0.434971
STU106390,0.164419
STU103728,0.463457
STU106650,0.254506
STU106622,0.321541
STU103158,0.493092
STU103619,0.212691
STU109751,0.415922
STU101099,0.19328
STU105883,0.409646
STU104874,0.32033
STU100988,0.14736
STU100543,0.236312
STU108681,0.192936
STU109621,0.085149
STU105388,0.063426
STU104700,0.205915
STU103294,0.058565
STU108580,0.124469
STU109880,0.376332
STU109641,0.368641
STU108584,0.382361
STU102709,0.192719
STU105896,0.450509
STU106150,0.317224
STU106053,0.106712
STU107372,0.114673
STU104108,0.361893
STU107858,0.127825
STU104839,0.278282
STU104722,0.496299
STU105137,0.051803
STU105059,0.057461
STU104797,0.496888
STU101333,0.313087
STU101281,0.107109
STU102835,0.453786
STU104601,0.446171
STU103257,0.29129
STU100157,0.329806
STU109071,0.172934
STU106787,0.072734
STU101253,0.317555
STU109010,0.18264
STU106147,0.348629
STU100859,0.42631
STU101189,0.058172
STU100240,0.318071
STU104315,0.154076
STU101095,0.44325
STU104473,0.164149
STU101923,0.324847
STU100395,0.299093
STU109712,0.228275
STU108447,0.354929
STU100004,0.376596
STU106433,0.305122
STU107838,0.39129
STU102332,0.492538
STU106474,0.238673
STU101487,0.281562
STU105409,0.055611
STU109451,0.408213
STU106782,0.284104
STU105435,0.233583
STU106555,0.092332
STU101830,0.450345
STU108532,0.227753
STU100709,0.357162
STU107352,0.117218
STU106820,0.482697
STU107680,0.130299
STU105416,0.139794
STU100067,0.436542
STU108652,0.460662
STU102706,0.145466
STU105491,0.26141
STU105418,0.380073
STU102059,0.445265
STU104554,0.220574
STU101823,0.282659
STU107360,0.383772
STU104226,0.379011
STU104830,0.402332
STU102682,0.30647
STU107644,0.097077
STU109997,0.456788
STU105408,0.439508
STU102470,0.409144
STU108287,0.094938
STU109016,0.141979
STU106153,0.38462
STU107221,0.060413
STU107993,0.490651
STU106496,0.219715
STU108261,0.373691
STU105778,0.449407
STU103743,0.227583
STU102258,0.19361
STU106877,0.323934
STU100931,0.311445
STU108680,0.234113
STU104952,0.320799
STU106982,0.470922
STU102928,0.260438
STU105344,0.138534
STU106810,0.219743
STU104377,0.227348
STU109901,0.108999
STU105160,0.123292
STU106359,0.358053
STU108052,0.202765
STU106484,0.479704
STU105544,0.159619
STU104034,0.094516
STU100529,0.389077
STU107569,0.446466
STU108808,0.175151
STU102247,0.14094
STU109986,0.133595
STU104462,0.284906
STU108174,0.260787
STU100812,0.166748
STU106259,0.070328
STU108073,0.266671
STU105620,0.4817
STU105987,0.343634
STU102513,0.272978
STU106493,0.099811
STU104873,0.163596
STU107921,0.182648
STU104492,0.394162
STU103735,0.44452
STU101410,0.455739
STU105126,0.493056
STU108649,0.492065
STU104648,0.47885
STU108436,0.08232
STU100825,0.112007
STU108378,0.18701
STU103352,0.298804
STU108585,0.09364
STU103107,0.430609
STU108597,0.32754
STU104903,0.294064
STU102989,0.12439
STU107411,0.163965
STU100684,0.12214
STU108673,0.43337
STU103478,0.312903
STU106069,0.380808
STU109237,0.183215
STU103259,0.217064
STU108438,0.232185
STU102849,0.392007
STU105097,0.397559
STU102144,0.143066
STU107971,0.473692
STU103496,0.104295
STU102623,0.453255
STU107570,0.095178
STU108324,0.169043
STU107171,0.430915
STU108372,0.130771
STU103785,0.236106
STU105484,0.252437
STU101950,0.160367
STU103451,0.36961
STU106002,0.433101
STU104599,0.443559
STU107787,0.202695
STU103033,0.288883
STU108496,0.161783
STU107803,0.160158
STU104101,0.122564
STU103359,0.473009
STU102495,0.449595
STU104986,0.399811
STU109117,0.282948
STU105970,0.270774
STU105897,0.288386
STU105233,0.291456
STU105958,0.245553
STU103733,0.10929
STU105474,0.106549
STU103315,0.478512
STU106370,0.266914
STU107187,0.478942
STU100008,0.12361
STU104791,0.299487
STU108346,0.143473
STU108405,0.163933
STU100047,0.063525
STU103595,0.103529
STU100319,0.462582
STU102965,0.19469
STU106131,0.323658
STU106292,0.259256
STU104477,0.230203
STU107074,0.289349
STU102691,0.134258
STU102044,0.494872
STU106838,0.418239
STU109590,0.383727
STU109162,0.260942
STU108616,0.118795
STU106500,0.4643
STU105307,0.203624
STU105589,0.072548
STU101321,0.204082
STU105956,0.407506
STU104381,0.330219
STU109800,0.387877
STU107158,0.407136
STU107007,0.14538
STU106506,0.465702
STU100133,0.247095
STU107301,0.337556
STU100871,0.051039
STU104929,0.497016
STU106524,0.176403
STU101589,0.077928
STU107438,0.256218
STU108667,0.108064
STU100238,0.118547
STU100934,0.334527
STU106663,0.226817
STU100021,0.464834
STU108002,0.19362
STU107694,0.376781
STU103030,0.257495
STU100172,0.346978
STU105195,0.319863
STU104360,0.262753
STU100282,0.477527
STU109587,0.204221
STU107293,0.129756
STU109160,0.355142
STU105648,0.430703
STU105230,0.068114
STU105212,0.252335
STU107793,0.451619
STU103073,0.387328
STU100255,0.496313
STU100469,0.289136
STU103133,0.346998
STU102267,0.186116
STU107096,0.476391
STU105733,0.214851
STU109174,0.38233
STU106170,0.231413
STU105282,0.302819
STU109743,0.373902
STU104147,0.27902
STU101037,0.458189
STU103976,0.238685
STU106610,0.341182
STU103178,0.204063
STU103400,0.233671
STU109385,0.248023
STU101161,0.106613
STU108620,0.091276
STU100460,0.35037
STU109843,0.344983
STU106217,0.348309
STU100781,0.058895
STU108240,0.196946
STU109877,0.139014
STU104784,0.400168
STU102947,0.437284
STU101607,0.161006
STU109407,0.350532
STU101891,0.108213
STU105532,0.173819
STU101453,0.112395
STU102393,0.177584
STU104955,0.353631
STU106400,0.459647
STU103155,0.141135
STU105912,0.293936
STU100232,0.365626
STU104393,0.478815
STU108512,0.324527
STU103720,0.164798
STU101428,0.331465
STU103577,0.194221
STU102017,0.489258
STU106372,0.229854
STU101012,0.358442
STU107449,0.060452
STU108599,0.230028
STU108064,0.443798
STU102007,0.324602
STU104239,0.249774
STU103613,0.471172
STU104388,0.434293
STU109710,0.194997
STU106077,0.295047
STU108331,0.270421
STU108448,0.334491
STU101727,0.20035
STU103021,0.159892
STU108507,0.460702
STU102762,0.465744
STU104656,0.429495
STU105851,0.490192
STU107590,0.385246
STU105963,0.3941
STU101748,0.393166
STU107338,0.266273
STU105179,0.255403
STU104849,0.158102
STU109225,0.340169
STU101755,0.180194
STU107854,0.166014
STU109181,0.313683
STU108615,0.234492
STU103892,0.148485
STU100231,0.417225
STU105921,0.437256
STU108888,0.125465
STU105041,0.053378
STU102728,0.201258
STU101310,0.40888
STU109447,0.427628
STU106762,0.112248
STU104005,0.398451
STU105305,0.102067
STU100350,0.225528
STU109298,0.499374
STU100868,0.136666
STU106688,0.119284
STU105679,0.24026
STU101282,0.328851
STU105075,0.469805
STU106942,0.49137
STU107810,0.081338
STU107864,0.112099
STU105449,0.405832
STU105715,0.171784
STU103600,0.448182
STU102638,0.348554
STU103121,0.10033
STU105015,0.424638
STU106550,0.12936
STU105266,0.240573
STU104604,0.298483
STU107994,0.275345
STU105180,0.358773
STU100759,0.343709
STU105197,0.496419
STU102933,0.49974
STU104518,0.282407
STU103946,0.09284
STU108720,0.377529
STU109681,0.489499
STU102833,0.193247
STU106829,0.257544
STU101710,0.24115
STU105747,0.073139
STU102104,0.352519
STU100811,0.209002
STU107042,0.404359
STU107225,0.424454
STU106910,0.419554
STU104752,0.2375
STU100010,0.194696
STU101998,0.386969
STU105217,0.410625
STU100211,0.271066
STU101111,0.451864
STU109246,0.114759
STU109542,0.445581
STU107672,0.093243
STU101553,0.119086
STU102049,0.290228
STU100033,0.080383
STU101707,0.073763
STU109336,0.050233
STU106036,0.246342
STU100053,0.398581
STU106317,0.065677
STU102819,0.343516
STU106855,0.420407
STU109518,0.1256
STU102437,0.116089
STU100766,0.43736
STU107102,0.420406
STU103241,0.292524
STU108495,0.41864
STU103931,0.09174
STU109139,0.227517
STU106341,0.382009
STU108678,0.165853
STU107547,0.388548
STU101967,0.27688
STU109367,0.38762
STU101948,0.259106
STU108322,0.215557
STU103932,0.148635
STU100472,0.143771
STU102262,0.388171
STU102929,0.10351
STU106367,0.088692
STU104624,0.129331
STU100468,0.128906
STU101461,0.420398
STU100799,0.229328
STU100877,0.495675
STU108723,0.111745
STU102622,0.344093
STU108924,0.251928
STU104768,0.226813
STU107772,0.443788
STU108734,0.489018
STU106637,0.442787
STU100422,0.136535
STU108878,0.149359
STU105742,0.345233
STU108460,0.180088
STU101327,0.380626
STU106569,0.304889
STU106498,0.297909
STU108949,0.422846
STU109158,0.36974
STU104696,0.06196
STU105111,0.072257
STU102410,0.320701
STU108025,0.268786
STU101818,0.167083
STU101063,0.238395
STU109705,0.39106
STU105534,0.421975
STU101524,0.30255
STU106974,0.223416
STU101907,0.171814
STU107987,0.284863
STU109988,0.191637
STU102521,0.303843
STU105248,0.354494
STU108411,0.079736
STU101532,0.05048
STU109133,0.145525
STU106590,0.45253
STU106623,0.340831
STU101340,0.127382
STU108037,0.450619
STU104332,0.26148
STU107318,0.264241
STU109772,0.470994
STU103436,0.076769
STU105415,0.14683
STU104890,0.313597
STU102557,0.137969
STU104806,0.355787
STU107939,0.146342
STU105834,0.094621
STU106691,0.143143
STU100517,0.24023
STU103774,0.129262
STU104428,0.110611
STU104619,0.437127
STU109025,0.194179
STU101386,0.212341
STU108562,0.074872
STU102585,0.210816
STU106191,0.169163
STU105669,0.324718
STU102401,0.142426
STU107845,0.449764
STU100822,0.46835
STU104831,0.094924
STU109508,0.098331
STU107749,0.101897
STU105092,0.328806
STU109041,0.104886
STU104778,0.433572
STU108745,0.389422
STU105125,0.418914
STU104838,0.286727
STU101207,0.498505
STU100914,0.069879
STU108342,0.230569
STU109464,0.195772
STU107151,0.47689
STU107133,0.309587
STU103640,0.412786
STU100662,0.126654
STU104019,0.490385
STU107354,0.274388
STU109606,0.272152
STU109108,0.486898
STU104530,0.22133
STU105775,0.228886
STU102568,0.313139
STU103280,0.107624
STU109078,0.194489
STU103353,0.136944
STU107009,0.096478
STU104553,0.439765
STU100791,0.315199
STU106573,0.211403
STU109479,0.233901
STU105943,0.244184
STU103110,0.334917
STU104716,0.467046
STU100197,0.469751
STU109890,0.226171
STU101868,0.198168
STU109839,0.252971
STU106682,0.30557
STU101349,0.257818
STU107761,0.346439
STU101700,0.29948
STU100598,0.194322
STU107837,0.205579
STU106058,0.220367
STU107686,0.092588
STU100862,0.124728
STU103490,0.375401
STU103837,0.225094
STU103783,0.146543
STU107840,0.303203
STU102430,0.389993
STU105373,0.16584
STU101848,0.422055
STU106950,0.467377
STU107597,0.318828
STU100388,0.351026
STU102398,0.073659
STU105612,0.475484
STU106183,0.226618
STU100438,0.465755
STU103533,0.31054
STU107203,0.052078
STU104744,0.067344
STU109794,0.356188
STU100393,0.303201
STU101683,0.06194
STU109728,0.384557
STU103950,0.433465
STU106973,0.273388
STU109341,0.259591
STU103029,0.052463
STU104823,0.403992
STU109073,0.198822
STU109524,0.445444
STU109944,0.217877
STU100045,0.304285
STU103928,0.171654
STU108406,0.122265
STU104439,0.398709
STU104781,0.273466
STU102014,0.29142
STU107289,0.484437
STU103120,0.483611
STU101595,0.435039
STU105621,0.134424
STU103784,0.317423
STU103637,0.445166
STU101139,0.218509
STU100896,0.095498
STU102070,0.414933
STU106038,0.266794
STU109255,0.303977
STU107272,0.491965
STU104813,0.323245
STU101254,0.241241
STU108703,0.216493
STU107267,0.237929
STU100592,0.10328
STU109955,0.407638
STU108274,0.426973
STU109883,0.177979
STU104963,0.186708
STU100221,0.44345
STU109265,0.060787
STU106783,0.284206
STU108803,0.258654
STU102084,0.360557
STU109785,0.123526
STU102041,0.350749
STU104480,0.21953
STU107161,0.328422
STU104758,0.068043
STU101167,0.257777
STU100440,0.285013
STU107088,0.146447
STU106459,0.112831
STU107602,0.134813
STU101448,0.204863
STU100083,0.093565
STU105358,0.476294
STU104083,0.232247
STU109084,0.414036
STU106941,0.488488
STU106935,0.086331
STU103898,0.343251
STU104591,0.442134
STU104035,0.335405
STU103658,0.243062
STU105395,0.243984
STU109125,0.066154
STU109062,0.29057
STU106448,0.497094
STU109212,0.481418
STU109103,0.06818
STU101432,0.367609
STU101660,0.185794
STU101213,0.456345
STU108457,0.070302
STU104810,0.471143
STU100298,0.426864
STU101569,0.102877
STU100432,0.076921
STU101764,0.425618
STU105403,0.120091
STU109113,0.290704
STU107000,0.462085
STU108121,0.305352
STU109388,0.228755
STU102652,0.250257
STU107361,0.078403
STU108226,0.485939
STU109694,0.189794
STU103487,0.135214
STU104371,0.178721
STU104449,0.483968
STU106082,0.092429
STU107966,0.440286
STU103341,0.36853
STU108118,0.423509
STU105205,0.489154
STU106499,0.42897
STU103852,0.474522
STU103628,0.107121
STU105817,0.408105
STU105795,0.295554
STU101667,0.294573
STU105504,0.454515
STU104476,0.487312
STU107701,0.367177
STU101298,0.267322
STU102702,0.255382
STU101108,0.223854
STU107469,0.21272
STU104088,0.226178
STU108136,0.090389
STU103739,0.084846
STU101947,0.400941
STU107831,0.250733
STU107818,0.468808
STU107863,0.325499
STU100269,0.065829
STU101540,0.120886
STU105978,0.142619
STU109660,0.489081
STU105362,0.148417
STU104488,0.28209
STU101744,0.47128
STU100943,0.489737
STU104589,0.156362
STU100470,0.072103
STU104949,0.119121
STU104763,0.078498
STU109449,0.137806
STU101617,0.305856
STU101913,0.460602
STU102857,0.291748
STU106403,0.331695
STU108195,0.14084
STU101366,0.410263
STU107220,0.328005
STU104959,0.438862
STU100059,0.476979
STU105349,0.206555
STU109026,0.090761
STU106939,0.151668
STU109862,0.247029
STU104709,0.475562
STU108319,0.220239
STU105007,0.396848
STU102525,0.293215
STU108688,0.132264
STU105095,0.19433
STU106275,0.343936
STU102170,0.352784
STU100129,0.245642
STU103135,0.152891
STU103977,0.374858
STU105289,0.125993
STU104426,0.471501
STU102641,0.134557
STU101992,0.098291
STU109488,0.273941
STU104652,0.283797
STU108621,0.278687
STU105894,0.2465
STU104926,0.497667
STU103457,0.268826
STU103729,0.265076
STU103078,0.239795
STU101596,0.080072
STU107214,0.31683
STU106094,0.152585
STU105104,0.336924
STU102327,0.072875
STU103951,0.491624
STU101782,0.261052
STU108101,0.45354
STU103174,0.264003
STU105487,0.077149
STU101505,0.419996
STU103045,0.341683
STU106162,0.401791
STU106699,0.242676
STU104086,0.337072
STU103590,0.435303
STU101986,0.333979
STU107401,0.206453
STU105999,0.348138
STU107846,0.352334
STU100699,0.482264
STU106146,0.216911
STU100213,0.241287
STU100729,0.415455
STU108593,0.277593
STU101105,0.381458
STU101757,0.256869
STU100057,0.146973
STU105284,0.385342
STU109391,0.10902
STU102450,0.139363
STU104628,0.332071
STU101475,0.386271
STU106463,0.45261
STU103588,0.172664
STU103443,0.099826
STU102226,0.480221
STU102987,0.11949
STU105732,0.13895
STU100434,0.181098
STU108048,0.288226
STU101102,0.447272
STU108303,0.392246
STU108647,0.368671
STU109821,0.128831
STU103131,0.210957
STU106355,0.265282
STU108884,0.116342
STU103080,0.173043
STU103850,0.18875
STU109866,0.107274
STU109313,0.297608
STU105706,0.367263
STU105263,0.081469
STU103641,0.266505
STU100012,0.401995
STU104338,0.386596
STU106219,0.416783
STU107312,0.251708
STU106936,0.419251
STU108520,0.158339
STU100751,0.212365
STU101272,0.12936
STU107441,0.260368
STU108327,0.226427
STU103538,0.158417
STU100441,0.388301
STU105488,0.191231
STU102701,0.172762
STU106407,0.108901
STU101956,0.24747
STU107357,0.186334
STU102716,0.216173
STU103780,0.156199
STU109762,0.39342
STU101140,0.468502
STU109837,0.274069
STU109570,0.339349
STU107536,0.440228
STU109775,0.499473
STU101203,0.326082
STU105913,0.450401
STU109466,0.458874
STU108629,0.406153
STU101358,0.257419
STU102083,0.086519
STU101297,0.057112
STU101076,0.26474
STU106049,0.272442
STU109827,0.233313
STU107309,0.305675
STU100999,0.298473
STU104161,0.426476
STU107781,0.098896
STU100371,0.15133
STU106692,0.406852
STU109383,0.431527
STU108609,0.497671
STU104282,0.44281
STU105163,0.450455
STU109436,0.191457
STU108699,0.230748
STU103605,0.170638
STU105630,0.322835
STU107959,0.472462
STU105953,0.205088
STU107766,0.300651
STU101690,0.183335
STU101479,0.12641
STU106410,0.137833
STU100439,0.076075
STU100806,0.477182
STU104689,0.231296
STU102025,0.425354
STU104769,0.356598
STU104479,0.136365
STU102217,0.128958
STU108305,0.415395
STU104868,0.16912
STU103961,0.460978
STU100126,0.113025
STU100725,0.354969
STU107561,0.416513
STU101898,0.155865
STU109248,0.174293
STU108223,0.484033
STU101178,0.169069
STU104548,0.243481
STU109562,0.244632
STU101858,0.163866
STU107579,0.399106
STU106229,0.397332
STU105158,0.220243
STU109722,0.425807
STU109097,0.145884
STU101385,0.051938
STU107819,0.307025
STU109941,0.497335
STU106817,0.06739
STU101456,0.143599
STU103000,0.283512
STU100343,0.414473
STU101606,0.090069
STU102253,0.227856
STU101274,0.386184
STU107667,0.217194
STU105683,0.134976
STU104522,0.137973
STU109926,0.234522
STU107321,0.265738
STU109260,0.437816
STU106753,0.339014
STU103261,0.360681
STU109954,0.492344
STU108347,0.23533
STU104450,0.231509
STU105819,0.465506
STU109138,0.160644
STU108934,0.378417
STU104848,0.389558
STU102314,0.094005
STU102240,0.260704
STU107524,0.140253
STU102194,0.133419
STU103537,0.258723
STU106087,0.180243
STU105561,0.408227
STU104978,0.458422
STU109454,0.411224
STU106208,0.169714
STU107154,0.17336
STU106475,0.164628
STU102149,0.110767
STU108407,0.474709
STU102913,0.230922
STU102801,0.15111
STU100807,0.431002
STU108082,0.229638
STU109900,0.065803
STU100591,0.122874
STU108607,0.337663
STU101474,0.402307
STU103279,0.14492
STU108225,0.462828
STU106748,0.432949
STU105067,0.431771
STU108722,0.152448
STU109814,0.072741
STU106272,0.440341
STU105270,0.18761
STU108683,0.328512
STU106462,0.391985
STU103058,0.107732
STU107016,0.401377
STU109648,0.47233
STU101682,0.377769
STU100333,0.24855
STU105928,0.444505
STU103485,0.287356
STU100145,0.385147
STU103237,0.419228
STU102241,0.387209
STU104231,0.179535
STU109099,0.10303
STU101005,0.157252
STU103115,0.276294
STU101185,0.277375
STU104445,0.31219
STU103690,0.227796
STU107501,0.404101
STU108404,0.460919
STU109653,0.161026
STU103200,0.381435
STU101156,0.355087
STU103171,0.285391
STU103024,0.134839
STU101409,0.407855
STU108023,0.482282
STU102328,0.374826
STU100909,0.463037
STU101985,0.492883
STU106135,0.208423
STU105708,0.337201
STU108906,0.26327
STU109416,0.493983
STU104256,0.092214
STU109345,0.235569
STU106055,0.443993
STU101285,0.177823
STU100537,0.404507
STU105892,0.222252
STU106196,0.49099
STU101918,0.447588
STU106318,0.185594
STU105014,0.396587
STU104195,0.201585
STU105326,0.322863
STU106628,0.346316
STU109119,0.423318
STU100398,0.061003
STU106830,0.149071
STU106575,0.370363
STU104872,0.303585
STU107911,0.273022
STU108486,0.074844
STU109094,0.206724
STU104556,0.439295
STU100710,0.063902
STU106093,0.228396
STU101047,0.475317
STU104571,0.072896
STU108755,0.387368
STU106953,0.165926
STU109510,0.439974
STU102783,0.385731
STU108887,0.448567
STU109840,0.147166
STU109222,0.289082
STU109022,0.400671
STU101502,0.160565
STU103423,0.153836
STU107432,0.062232
STU100913,0.481332
STU109714,0.369508
STU105917,0.336002
STU107540,0.384798
STU105593,0.289226
STU105065,0.26426
STU106478,0.25229
STU104771,0.338198
STU106294,0.140691
STU108944,0.449626
STU100995,0.415289
STU106159,0.207304
STU103765,0.310374
STU106144,0.113462
STU108208,0.487556
STU108020,0.456302
STU105695,0.464854
STU107098,0.199473
STU106041,0.126111
STU105031,0.145297
STU104320,0.090501
STU107727,0.10405
STU105154,0.082087
STU101977,0.49542
STU106668,0.083326
STU106288,0.109644
STU109191,0.422265
STU104538,0.311108
STU108168,0.398488
STU108643,0.33391
STU105436,0.446979
STU102832,0.33731
STU104017,0.284956
STU109807,0.370737
STU107029,0.251327
STU108313,0.205729
STU104765,0.260444
STU102795,0.126371
STU107717,0.408457
STU109731,0.167317
STU107429,0.119089
STU105467,0.160859
STU101438,0.428932
STU103231,0.198591
STU104194,0.358722
STU109088,0.435384
STU104237,0.084985
STU103790,0.394261
STU105322,0.188449
STU101072,0.14748
STU109886,0.360006
STU108119,0.459408
STU107141,0.182759
STU101751,0.305975
STU104064,0.180425
STU106235,0.299429
STU106846,0.329838
STU103161,0.324651
STU100936,0.330596
STU100525,0.110786
STU103566,0.362093
STU103017,0.353638
STU100326,0.357165
STU104927,0.083332
STU108084,0.251077
STU100260,0.234066
STU107678,0.08902
STU101749,0.150066
STU106921,0.248433
STU103475,0.384308
STU103128,0.156678
STU106625,0.423387
STU103505,0.295609
STU107195,0.39219
STU107393,0.26265
STU102387,0.274637
STU108271,0.328874
STU106022,0.467587
STU108043,0.271316
STU108684,0.287896
STU108216,0.320899
STU105618,0.381882
STU102268,0.082333
STU108391,0.282059
STU103345,0.266716
STU108526,0.464758
STU102768,0.272078
STU102992,0.260744
STU102259,0.48299
STU104280,0.252759
STU106863,0.131398
STU100968,0.147612
STU105672,0.092834
STU101096,0.050256
STU101659,0.244376
STU108824,0.396159
STU109791,0.38006
STU106096,0.064467
STU102188,0.306492
STU102107,0.119427
STU102758,0.473484
STU104730,0.125314
STU104770,0.331988
STU102012,0.196807
STU103035,0.338703
STU105062,0.235516
STU102982,0.391839
STU101694,0.153806
STU100158,0.457606
STU101622,0.275094
STU109556,0.390242
STU100352,0.432379
STU106633,0.499473
STU106547,0.150776
STU104991,0.179102
STU105262,0.162695
STU109179,0.168292
STU108178,0.3121
STU109499,0.497085
STU104268,0.495625
STU108757,0.287048
STU108698,0.337562
STU105575,0.436987
STU109384,0.46982
STU104346,0.141737
STU106194,0.287844
STU100904,0.424777
STU106641,0.186441
STU106471,0.247914
STU100105,0.493529
STU105806,0.493271
STU109585,0.457748
STU104289,0.409302
STU105444,0.171109
STU106685,0.194383
STU106614,0.296277
STU102618,0.30235
STU107908,0.277476
STU105146,0.336502
STU108543,0.233745
STU109389,0.387128
STU109378,0.200097
STU107033,0.198805
STU103589,0.107252
STU102479,0.13492
STU102533,0.432734
STU105549,0.250827
STU106379,0.152541
STU103109,0.391703
STU102508,0.299292
STU106532,0.05952
STU101206,0.192363
STU106822,0.129651
STU109758,0.345143
STU101798,0.173764
STU106263,0.079226
STU103897,0.074721
STU100816,0.311777
STU108775,0.059776
STU106920,0.431956
STU109301,0.119929
STU108383,0.322955
STU100911,0.25011
STU108141,0.249283
STU104595,0.082309
STU109983,0.411239
STU101702,0.451874
STU105279,0.054958
STU106192,0.130372
STU108921,0.456757
STU101180,0.297272
STU101316,0.117518
STU109001,0.141256
STU102736,0.346994
STU106300,0.376168
STU101381,0.319742
STU106636,0.478917
STU102101,0.272329
STU106015,0.185122
STU106384,0.264755
STU107688,0.21185
STU108366,0.150987
STU100214,0.070683
STU107395,0.208496
STU102498,0.370134
STU107945,0.058297
STU100889,0.24763
STU106593,0.339804
STU100922,0.324682
STU106802,0.399492
STU101014,0.414734
STU103922,0.370268
STU100313,0.096259
STU104203,0.26376
STU102805,0.321533
STU100332,0.160505
STU109332,0.069148
STU100820,0.150616
STU106654,0.254702
STU109411,0.236269
STU106244,0.1295
STU102449,0.420987
STU106453,0.466559
STU106862,0.140607
STU101164,0.468308
STU102350,0.058037
STU106081,0.466233
STU100155,0.478368
STU102221,0.055423
STU109263,0.393359
STU108622,0.486591
STU104001,0.457656
STU101300,0.48682
STU107306,0.297646
STU102004,0.08517
STU103815,0.432405
STU109783,0.326223
STU108908,0.326632
STU101763,0.237764
STU107690,0.307329
STU104190,0.119111
STU105981,0.382897
STU107984,0.083758
STU106380,0.378401
STU104519,0.43204
STU101226,0.262611
STU105754,0.279424
STU102085,0.190496
STU100714,0.486256
STU105967,0.379906
STU100754,0.216045
STU102408,0.128663
STU109377,0.148811
STU101979,0.258765
STU100761,0.474156
STU105234,0.380366
STU105833,0.14686
STU105457,0.436803
STU103093,0.22019
STU102699,0.433275
STU103493,0.158765
STU100187,0.328397
STU108676,0.467002
STU109238,0.166052
STU107697,0.361817
STU104899,0.494291
STU101114,0.117769
STU103727,0.089781
STU105667,0.353388
STU101120,0.202881
STU108414,0.08206
STU109024,0.263888
STU106554,0.389197
STU105959,0.178305
STU106265,0.200771
STU109116,0.430565
STU102308,0.284032
